,lfhf,pnn50,sloc,ted,elapsed-seconds,label
0,3.9,0.0,0,0,0,0
1,3.65,0.0,0,0,1,0
2,3.47,0.26,0,0,2,0
3,3.35,0.27,0,0,3,0
4,3.24,0.27,0,0,4,0
5,3.03,0.27,0,0,5,0
6,2.93,0.27,0,0,6,0
7,2.74,0.27,0,0,7,0
8,2.65,0.27,0,0,8,0
9,2.57,0.28,0,0,9,0
10,2.42,0.28,0,0,10,0
11,2.35,0.29,0,0,11,0
12,2.29,0.29,0,0,12,0
13,2.22,0.29,0,0,13,0
14,2.07,0.3,0,0,14,0
15,2.01,0.3,0,0,15,0
16,1.96,0.3,0,0,16,0
17,1.87,0.29,0,0,17,0
18,1.83,0.3,0,0,18,0
19,1.79,0.29,0,0,19,0
20,1.76,0.28,0,0,20,0
21,1.7,0.28,0,0,21,0
22,1.68,0.29,0,0,22,0
23,1.66,0.29,0,0,23,0
24,1.63,0.29,0,0,24,0
25,1.62,0.29,0,0,25,0
26,1.61,0.29,0,0,26,0
27,1.6,0.3,0,0,27,0
28,1.6,0.3,0,0,0,0
29,1.59,0.3,0,0,1,0
30,1.61,0.3,0,0,2,0
31,1.62,0.31,0,0,4,0
32,1.69,0.31,0,0,5,0
33,1.72,0.31,0,0,0,0
34,1.74,0.31,0,0,1,0
35,1.78,0.3,0,0,2,0
36,1.83,0.3,0,0,3,0
37,1.87,0.3,0,0,4,0
38,1.92,0.3,0,0,5,0
39,2.02,0.3,0,0,0,0
40,2.08,0.3,0,0,1,0
41,2.15,0.29,8,0,2,0
42,2.21,0.29,8,0,3,0
43,2.28,0.29,8,0,4,0
44,2.44,0.28,8,0,5,0
45,2.54,0.27,8,0,6,0
46,2.63,0.27,8,0,7,0
47,2.7,0.26,8,0,8,0
48,2.79,0.26,8,0,9,0
49,2.87,0.27,8,0,10,0
50,3.03,0.27,8,0,11,0
51,3.11,0.28,8,0,12,0
52,3.19,0.28,8,0,13,0
53,3.3,0.29,8,0,14,0
54,3.38,0.3,8,0,15,0
55,3.45,0.29,8,0,16,0
56,3.59,0.29,8,0,17,0
57,3.65,0.29,8,0,18,0
58,3.71,0.3,8,0,19,0
59,3.76,0.3,8,0,20,0
60,3.84,0.3,8,0,21,0
61,3.91,0.31,8,0,22,0
62,3.93,0.31,8,0,23,0
63,3.97,0.3,8,0,25,0
64,3.98,0.31,8,0,26,0
65,3.99,0.3,8,0,27,0
66,3.99,0.3,8,0,28,0
67,3.98,0.3,8,0,29,0
68,3.96,0.3,8,0,30,0
69,3.93,0.31,8,0,31,0
70,3.9,0.32,8,0,32,0
71,3.87,0.32,8,0,33,0
72,3.84,0.33,8,0,34,0
73,3.77,0.33,8,0,35,0
74,3.73,0.34,8,0,36,0
75,3.69,0.34,8,0,37,0
76,3.65,0.34,8,0,38,0
77,3.58,0.34,8,0,39,0
78,3.49,0.34,8,0,40,0
79,3.44,0.34,8,0,41,0
80,3.39,0.34,8,0,42,0
81,3.29,0.34,8,0,43,0
82,3.24,0.33,8,0,44,0
83,3.19,0.34,8,0,45,0
84,3.14,0.34,8,0,46,0
85,3.07,0.34,8,0,47,0
86,3.02,0.33,8,0,48,0
87,2.98,0.33,8,0,49,0
88,2.89,0.31,8,0,50,0
89,2.85,0.31,8,0,51,0
90,2.78,0.3,8,0,52,0
91,2.76,0.3,8,0,53,0
92,2.71,0.3,8,0,54,0
93,2.68,0.3,8,0,55,0
94,2.62,0.3,8,0,56,0
95,2.6,0.3,8,0,57,0
96,2.59,0.3,8,0,58,0
97,2.57,0.3,8,0,59,0
98,2.55,0.31,8,0,60,0
99,2.54,0.31,8,0,61,0
100,2.53,0.3,8,0,62,0
101,2.54,0.29,8,0,63,0
102,2.55,0.29,8,0,64,0
103,2.56,0.29,8,0,65,0
104,2.58,0.29,8,0,66,0
105,2.63,0.28,8,0,67,0
106,2.66,0.27,8,0,68,0
107,2.7,0.28,8,0,69,0
108,2.74,0.28,8,0,70,0
109,2.83,0.28,8,0,71,0
110,2.88,0.27,8,0,72,0
111,2.93,0.27,8,0,73,0
112,3.06,0.26,8,0,74,0
113,3.13,0.27,8,0,75,0
114,3.2,0.27,8,0,76,0
115,3.28,0.26,8,0,77,0
116,3.44,0.27,8,0,78,0
117,3.53,0.27,8,0,79,0
118,3.63,0.26,8,0,80,0
119,3.83,0.26,8,0,81,0
120,3.93,0.26,8,0,82,0
121,4.04,0.26,8,0,83,0
122,4.27,0.26,8,0,84,0
123,4.39,0.26,8,0,85,0
124,4.62,0.25,8,0,86,0
125,4.75,0.25,8,0,87,0
126,4.97,0.25,8,0,89,0
127,5.41,0.23,8,0,90,0
128,5.57,0.22,8,0,91,0
129,5.74,0.22,8,0,92,0
130,5.9,0.22,8,0,93,0
131,6.06,0.21,8,0,94,0
132,6.39,0.22,8,0,95,0
133,6.55,0.21,8,0,96,0
134,6.71,0.2,8,0,97,0
135,7.01,0.2,8,0,98,0
136,7.15,0.19,8,0,99,0
137,7.47,0.19,8,0,100,0
138,7.64,0.2,8,0,101,0
139,7.84,0.19,8,0,102,0
140,8.21,0.2,8,0,103,0
141,8.41,0.2,8,0,104,0
142,8.6,0.19,8,0,105,0
143,8.8,0.2,8,0,106,0
144,9.14,0.2,8,0,107,0
145,9.23,0.19,8,0,108,0
146,9.55,0.18,8,0,109,0
147,9.78,0.17,8,0,110,0
148,9.95,0.17,8,0,111,0
149,10.0,0.17,8,0,112,0
150,10.0,0.16,8,0,113,0
151,10.0,0.16,8,0,114,0
152,10.0,0.16,8,0,115,0
153,10.0,0.16,8,0,116,0
154,10.0,0.16,8,0,117,0
155,10.0,0.16,8,0,118,0
156,10.0,0.15,8,0,119,0
157,10.0,0.15,8,0,120,0
158,10.0,0.15,8,0,121,0
159,10.0,0.15,8,0,122,0
160,9.66,0.14,8,0,123,0
161,9.46,0.14,8,0,124,0
162,9.22,0.13,8,0,125,0
163,8.97,0.13,8,0,126,0
164,8.72,0.13,8,0,127,0
165,8.23,0.14,8,0,128,0
166,7.92,0.14,8,0,130,0
167,7.54,0.15,8,0,131,0
168,7.34,0.15,8,0,132,0
169,7.14,0.14,8,0,133,0
170,6.74,0.14,8,0,134,0
171,6.55,0.14,8,0,135,0
172,6.37,0.13,8,0,136,0
173,6.05,0.13,8,0,137,0
174,5.89,0.12,8,0,138,0
175,5.74,0.12,8,0,139,0
176,5.59,0.12,8,0,140,0
177,5.45,0.12,8,0,141,0
178,5.33,0.12,8,0,142,0
179,5.15,0.13,8,0,143,0
180,5.04,0.13,8,0,144,0
181,4.85,0.13,8,0,145,0
182,4.77,0.13,8,0,146,0
183,4.67,0.14,8,0,147,0
184,4.47,0.13,8,0,148,0
185,4.39,0.14,8,0,149,0
186,4.32,0.13,8,0,150,0
187,4.24,0.13,8,0,151,0
188,4.11,0.14,8,0,152,0
189,4.08,0.14,8,0,153,0
190,3.96,0.13,8,0,154,0
191,3.9,0.13,8,0,155,0
192,3.83,0.13,8,0,156,0
193,3.78,0.13,8,0,157,0
194,3.68,0.13,8,0,158,0
195,3.61,0.13,8,0,159,0
196,3.59,0.14,8,0,160,0
197,3.51,0.14,8,0,161,0
198,3.47,0.14,8,0,162,0
199,3.44,0.14,8,0,163,0
200,3.37,0.14,8,0,164,0
201,3.33,0.13,8,0,165,0
202,3.31,0.14,8,0,166,0
203,3.28,0.14,8,0,167,0
204,3.24,0.15,8,0,168,0
205,3.23,0.14,8,0,169,0
206,3.19,0.14,8,0,170,0
207,3.18,0.13,8,0,171,0
208,3.18,0.13,8,0,172,0
209,3.18,0.13,8,0,173,0
210,3.18,0.13,8,0,174,0
211,3.19,0.13,8,0,175,0
212,3.21,0.13,8,0,176,0
213,3.24,0.13,8,0,177,0
214,3.26,0.12,8,0,178,0
215,3.29,0.12,8,0,179,0
216,3.31,0.12,8,0,180,0
217,3.38,0.13,8,0,181,0
218,3.4,0.13,8,0,182,0
219,3.43,0.12,8,0,183,0
220,3.51,0.13,8,0,184,0
221,3.55,0.13,8,0,185,0
222,3.66,0.13,8,0,187,0
223,3.73,0.14,8,0,188,0
224,3.77,0.14,8,0,189,0
225,3.85,0.14,8,0,190,0
226,3.89,0.14,8,0,191,0
227,3.93,0.14,8,0,192,0
228,3.99,0.14,8,0,193,0
229,4.03,0.14,8,0,194,0
230,4.08,0.14,8,0,195,0
231,4.11,0.14,8,0,196,0
232,4.13,0.15,8,0,197,0
233,4.14,0.15,8,0,198,0
234,4.15,0.15,8,0,199,0
235,4.16,0.15,8,0,200,0
236,4.18,0.15,8,0,202,0
237,4.17,0.14,8,0,203,0
238,4.16,0.14,8,0,204,0
239,4.15,0.13,8,0,205,0
240,4.13,0.13,8,0,206,0
241,4.11,0.13,8,0,207,0
242,4.09,0.13,8,0,208,0
243,4.05,0.13,8,0,209,0
244,4.03,0.13,8,0,210,0
245,4.01,0.13,8,0,211,0
246,3.97,0.13,8,0,212,0
247,3.94,0.13,8,0,213,0
248,3.92,0.13,8,0,214,0
249,3.87,0.13,13,4,0,0
250,3.85,0.13,13,4,1,0
251,3.82,0.12,13,4,2,0
252,3.78,0.12,13,4,3,0
253,3.75,0.13,13,4,4,0
254,3.73,0.13,13,4,5,0
255,3.7,0.12,13,4,6,0
256,3.67,0.12,13,4,7,0
257,3.64,0.12,13,4,8,0
258,3.59,0.12,13,4,9,0
259,3.57,0.12,13,4,10,0
260,3.56,0.12,13,4,11,0
261,3.53,0.12,13,4,12,0
262,3.48,0.12,13,4,13,0
263,3.46,0.12,13,4,14,0
264,3.45,0.12,13,4,15,0
265,3.41,0.12,13,4,16,0
266,3.39,0.12,13,4,17,0
267,3.39,0.12,13,4,18,0
268,3.36,0.12,13,4,19,0
269,3.35,0.11,13,4,20,0
270,3.34,0.11,13,4,21,0
271,3.32,0.11,13,4,23,0
272,3.33,0.11,13,4,24,0
273,3.33,0.11,13,4,25,0
274,3.34,0.12,13,4,26,0
275,3.35,0.11,13,4,27,0
276,3.37,0.1,13,4,28,0
277,3.39,0.1,13,4,29,0
278,3.43,0.11,13,4,30,0
279,3.46,0.12,13,4,31,0
280,3.49,0.12,13,4,32,0
281,3.56,0.12,13,4,33,0
282,3.59,0.13,13,4,34,0
283,3.65,0.13,13,4,35,0
284,3.69,0.14,13,4,36,0
285,3.8,0.14,13,4,37,0
286,3.85,0.14,13,4,38,0
287,3.91,0.14,14,2,0,0
288,3.98,0.14,14,2,1,0
289,4.04,0.13,14,2,2,0
290,4.17,0.12,14,2,3,0
291,4.24,0.12,14,2,4,0
292,4.3,0.12,14,2,5,0
293,4.36,0.12,14,2,6,0
294,4.45,0.11,14,2,7,0
295,4.56,0.11,14,2,8,0
296,4.61,0.1,14,2,9,0
297,4.68,0.1,14,2,10,0
298,4.73,0.11,14,2,11,0
299,4.8,0.11,14,2,12,0
300,4.83,0.12,14,2,13,0
301,4.85,0.12,14,2,14,0
302,4.86,0.12,14,2,15,0
303,4.87,0.12,14,2,16,0
304,4.87,0.12,14,2,17,0
305,4.86,0.12,14,2,18,0
306,4.83,0.11,14,2,19,0
307,4.8,0.11,14,2,20,0
308,4.77,0.12,14,2,21,0
309,4.74,0.12,14,2,22,0
310,4.64,0.12,14,2,23,0
311,4.59,0.12,14,2,24,0
312,4.54,0.13,14,2,25,0
313,4.47,0.13,14,2,26,0
314,4.41,0.13,14,2,27,0
315,4.29,0.14,14,2,28,0
316,4.23,0.14,14,2,29,0
317,4.15,0.14,14,2,30,0
318,4.08,0.14,14,2,31,0
319,4.01,0.14,14,2,32,0
320,3.89,0.15,14,2,33,0
321,3.82,0.15,14,2,34,0
322,3.76,0.15,14,2,35,0
323,3.64,0.15,14,2,36,0
324,3.58,0.15,14,2,37,0
325,3.46,0.15,14,2,38,0
326,3.41,0.15,14,2,39,0
327,3.35,0.15,14,2,40,0
328,3.24,0.15,14,2,41,0
329,3.19,0.15,14,2,42,0
330,3.14,0.14,14,2,43,0
331,3.09,0.14,14,2,44,0
332,3.0,0.14,14,2,45,0
333,2.96,0.14,14,2,46,0
334,2.93,0.14,14,2,47,0
335,2.89,0.14,16,2,0,0
336,2.83,0.13,16,2,1,0
337,2.8,0.13,16,2,2,0
338,2.77,0.13,16,2,3,0
339,2.74,0.13,16,2,4,0
340,2.69,0.14,16,2,5,0
341,2.65,0.13,16,2,7,0
342,2.64,0.13,16,2,8,0
343,2.63,0.14,16,2,9,0
344,2.62,0.14,16,2,10,0
345,2.62,0.15,16,2,11,0
346,2.62,0.15,16,2,12,0
347,2.62,0.15,16,2,13,0
348,2.64,0.15,16,2,14,0
349,2.65,0.15,16,2,15,0
350,2.66,0.14,16,2,16,0
351,2.7,0.14,16,2,17,0
352,2.72,0.14,16,2,18,0
353,2.75,0.14,16,2,19,0
354,2.8,0.13,16,2,0,0
355,2.83,0.13,16,2,1,0
356,2.89,0.12,16,2,2,0
357,2.93,0.12,16,2,3,0
358,2.96,0.12,16,2,4,0
359,3.0,0.11,16,2,5,0
360,3.08,0.1,16,2,6,0
361,3.11,0.11,16,2,7,0
362,3.19,0.11,16,2,8,0
363,3.22,0.11,16,2,9,0
364,3.26,0.11,16,2,10,0
365,3.32,0.11,16,2,11,0
366,3.34,0.11,16,2,12,0
367,3.37,0.11,16,2,13,0
368,3.41,0.11,16,2,14,0
369,3.41,0.11,16,2,15,0
370,3.44,0.11,16,2,16,0
371,3.42,0.11,16,2,17,0
372,3.41,0.11,16,2,18,0
373,3.4,0.11,16,2,19,0
374,3.35,0.1,16,2,20,0
375,3.32,0.1,16,2,21,0
376,3.29,0.1,16,2,22,0
377,3.25,0.1,16,2,23,0
378,3.16,0.1,16,2,24,0
379,3.11,0.1,16,2,25,0
380,3.0,0.1,16,2,27,0
381,2.85,0.11,16,2,28,0
382,2.82,0.11,16,2,29,0
383,2.69,0.1,16,2,30,0
384,2.63,0.1,16,2,31,0
385,2.57,0.1,16,2,32,0
386,2.51,0.1,16,2,33,0
387,2.42,0.09,16,2,34,0
388,2.3,0.09,16,2,36,0
389,2.23,0.08,16,2,37,0
390,2.12,0.08,16,2,38,0
391,2.07,0.09,16,2,39,0
392,2.04,0.09,16,2,40,0
393,1.97,0.09,16,2,41,0
394,1.93,0.09,16,2,42,0
395,1.91,0.09,16,2,43,0
396,1.86,0.1,16,2,44,0
397,1.85,0.11,16,2,45,0
398,1.83,0.11,16,2,46,0
399,1.82,0.11,16,2,47,0
400,1.82,0.12,16,2,48,0
401,1.83,0.12,16,2,49,0
402,1.87,0.12,16,2,50,0
403,1.89,0.12,16,2,51,0
404,1.91,0.12,16,2,52,0
405,1.94,0.12,16,2,53,0
406,2.02,0.12,16,2,54,0
407,2.08,0.11,16,2,55,0
408,2.19,0.11,16,2,56,0
409,2.26,0.11,16,2,57,0
410,2.34,0.11,16,2,58,0
411,2.43,0.12,16,2,59,0
412,2.62,0.13,16,2,60,0
413,2.72,0.12,16,2,61,0
414,2.83,0.12,16,2,62,0
415,2.87,0.12,16,2,63,0
416,3.15,0.12,16,2,64,0
417,3.26,0.11,16,2,65,0
418,3.37,0.11,16,2,66,0
419,3.49,0.11,16,2,67,0
420,3.7,0.1,16,2,68,0
421,3.8,0.1,16,2,69,0
422,3.9,0.1,16,2,70,0
423,4.07,0.1,16,2,71,0
424,4.17,0.1,16,2,72,0
425,4.33,0.1,16,2,73,0
426,4.4,0.1,16,2,74,0
427,4.46,0.11,16,2,75,0
428,4.5,0.11,16,2,76,0
429,4.57,0.12,16,2,77,0
430,4.59,0.12,16,2,78,0
431,4.6,0.12,16,2,79,0
432,4.58,0.12,16,2,80,0
433,4.63,0.12,16,2,81,0
434,4.58,0.12,16,2,82,0
435,4.56,0.13,16,2,83,0
436,4.54,0.14,16,2,84,0
437,4.51,0.14,16,2,85,0
438,4.48,0.14,16,2,86,0
439,4.4,0.15,16,2,87,0
440,4.37,0.15,16,3,0,0
441,4.33,0.15,16,0,0,0
442,4.25,0.16,16,0,0,0
443,4.21,0.16,16,0,1,0
444,4.18,0.17,16,0,2,0
445,4.14,0.17,16,0,3,0
446,4.06,0.17,16,0,4,0
447,4.03,0.17,16,0,5,0
448,3.99,0.17,16,0,6,0
449,3.96,0.17,16,0,7,0
450,3.93,0.17,16,0,8,0
451,3.88,0.18,16,0,9,0
452,3.86,0.18,16,0,10,0
453,3.83,0.17,16,0,11,0
454,3.8,0.17,16,0,12,0
455,3.78,0.17,16,0,13,0
456,3.77,0.17,16,0,14,0
457,3.77,0.18,16,0,15,0
458,3.73,0.18,17,2,0,0
459,3.73,0.17,17,2,1,0
460,3.73,0.17,17,2,2,0
461,3.75,0.17,17,2,3,0
462,3.76,0.17,17,2,4,0
463,3.77,0.17,17,2,5,0
464,3.81,0.17,17,2,6,0
465,3.86,0.17,17,2,7,0
466,3.89,0.17,17,2,8,0
467,3.92,0.17,17,2,9,0
468,4.0,0.16,17,2,10,0
469,4.03,0.16,17,0,0,0
470,4.15,0.15,17,0,1,0
471,4.18,0.15,17,0,2,0
472,4.3,0.15,17,0,3,0
473,4.37,0.14,17,0,4,0
474,4.44,0.13,17,0,5,0
475,4.57,0.13,17,0,6,0
476,4.65,0.13,17,0,7,0
477,4.76,0.13,17,0,8,0
478,4.88,0.14,17,0,9,1
479,5.05,0.14,17,0,10,1
480,5.13,0.14,17,0,11,1
481,5.21,0.14,17,0,12,1
482,5.36,0.14,17,0,13,1
483,5.43,0.14,17,0,14,1
484,5.49,0.14,17,0,15,1
485,5.59,0.14,17,0,16,1
486,5.66,0.13,17,0,17,1
487,5.74,0.13,17,0,18,1
488,5.79,0.13,17,0,19,1
489,5.82,0.13,17,0,20,1
490,5.88,0.13,17,0,21,1
491,5.89,0.13,17,0,22,1
492,5.9,0.13,17,0,23,1
493,5.91,0.14,17,0,24,1
494,5.9,0.15,17,0,25,1
495,5.89,0.16,17,0,26,1
496,5.88,0.16,17,0,27,1
497,5.85,0.16,17,0,28,1
498,5.8,0.16,17,0,29,1
499,5.78,0.17,17,0,30,1
500,5.71,0.17,17,0,31,1
501,5.67,0.16,17,0,32,1
502,5.64,0.16,17,0,33,1
503,5.6,0.16,17,0,34,1
504,5.52,0.15,17,0,35,1
505,5.5,0.15,17,0,36,1
506,5.39,0.15,17,0,38,1
507,5.35,0.15,17,0,39,1
508,5.3,0.13,17,0,40,1
509,5.28,0.12,17,0,41,1
510,5.26,0.12,17,0,42,1
511,5.26,0.11,17,0,43,1
512,5.27,0.12,17,0,44,1
513,5.28,0.12,17,0,45,1
514,5.32,0.11,17,0,46,1
515,5.35,0.11,17,0,47,1
516,5.39,0.1,17,0,48,1
517,5.44,0.1,17,0,49,1
518,5.55,0.1,17,0,50,1
519,5.61,0.1,17,0,51,1
520,5.67,0.1,17,0,52,1
521,5.75,0.11,17,0,53,1
522,5.93,0.13,17,0,55,1
523,6.13,0.14,17,0,56,1
524,6.36,0.14,17,0,57,1
525,6.48,0.14,17,0,58,1
526,6.59,0.14,17,0,59,1
527,6.72,0.15,17,0,60,1
528,7.01,0.15,17,0,61,1
529,7.15,0.15,17,0,62,1
530,7.46,0.15,17,0,63,1
531,7.61,0.15,17,0,64,1
532,7.77,0.15,17,0,65,1
533,7.94,0.16,17,0,66,1
534,8.27,0.16,17,0,67,1
535,8.44,0.16,17,0,68,1
536,8.6,0.16,17,0,69,1
537,8.77,0.16,17,0,70,1
538,9.09,0.16,17,0,71,1
539,9.24,0.16,17,0,72,1
540,9.31,0.16,17,0,73,1
541,9.45,0.16,17,0,74,1
542,9.72,0.16,17,0,75,1
543,9.9,0.16,17,0,76,1
544,10.0,0.17,17,0,77,1
545,10.0,0.18,17,0,78,1
546,10.0,0.18,17,0,79,1
547,10.0,0.18,17,0,80,1
548,10.0,0.18,17,0,81,1
549,10.0,0.18,17,0,82,1
550,10.0,0.16,17,0,83,1
551,10.0,0.16,17,0,84,1
552,10.0,0.16,17,0,85,1
553,10.0,0.16,17,0,86,1
554,10.0,0.16,17,0,87,1
555,10.0,0.16,17,0,88,1
556,10.0,0.16,17,0,89,1
557,10.0,0.16,17,0,90,1
558,9.82,0.16,17,0,0,1
559,9.68,0.16,17,0,1,1
560,9.53,0.15,17,0,2,1
561,9.38,0.15,17,0,3,1
562,9.03,0.16,17,0,4,1
563,8.85,0.16,17,0,5,1
564,8.47,0.15,17,0,6,1
565,8.26,0.14,17,0,7,1
566,7.93,0.13,17,0,8,1
567,7.7,0.14,17,0,9,1
568,7.47,0.14,17,0,10,1
569,7.01,0.15,17,0,11,1
570,6.79,0.16,17,0,12,1
571,6.58,0.15,17,0,13,1
572,6.18,0.15,17,0,14,1
573,5.98,0.15,17,0,15,1
574,5.61,0.15,17,0,16,1
575,5.43,0.15,17,0,17,1
576,5.35,0.15,17,0,18,1
577,5.07,0.15,17,0,19,1
578,4.64,0.15,17,0,20,1
579,4.49,0.15,17,0,21,1
580,4.35,0.15,17,0,22,1
581,4.11,0.15,17,0,23,1
582,4.0,0.15,17,0,24,1
583,3.9,0.15,17,0,25,1
584,3.67,0.17,17,0,26,1
585,3.6,0.16,17,0,27,1
586,3.53,0.16,17,0,28,1
587,3.48,0.17,17,0,29,1
588,3.39,0.17,17,0,30,1
589,3.36,0.18,17,0,31,1
590,3.3,0.18,17,0,32,1
591,3.28,0.18,17,0,33,1
592,3.27,0.18,17,0,34,1
593,3.27,0.18,17,0,35,1
594,3.26,0.18,17,0,36,1
595,3.28,0.17,17,0,37,1
596,3.29,0.16,17,0,38,1
597,3.33,0.14,17,0,39,1
598,3.37,0.14,17,0,41,1
599,3.42,0.14,17,0,42,1
600,3.48,0.13,17,0,43,1
601,3.51,0.13,17,0,44,1
602,3.54,0.12,17,0,45,1
603,3.6,0.14,18,2,0,1
604,3.63,0.15,18,2,1,1
605,3.66,0.15,18,2,2,1
606,3.71,0.15,18,2,3,1
607,3.72,0.16,18,2,4,1
608,3.74,0.16,18,2,5,1
609,3.74,0.16,18,2,6,1
610,3.74,0.17,18,0,0,1
611,3.74,0.17,18,0,1,1
612,3.73,0.19,18,0,2,1
613,3.73,0.19,18,0,3,1
614,3.7,0.2,18,0,4,1
615,3.68,0.21,18,0,5,1
616,3.67,0.21,18,0,6,1
617,3.64,0.2,18,0,7,1
618,3.61,0.19,18,0,8,1
619,3.56,0.2,18,0,9,1
620,3.53,0.2,18,0,10,1
621,3.49,0.21,18,0,11,1
622,3.46,0.21,18,0,0,1
623,3.42,0.22,18,0,0,1
624,3.35,0.23,18,0,1,1
625,3.31,0.23,18,0,2,1
626,3.28,0.23,18,0,3,1
627,3.24,0.23,18,2,0,1
628,3.19,0.24,18,2,1,1
629,3.18,0.24,18,2,2,1
630,3.11,0.24,18,2,3,1
631,3.09,0.25,18,2,4,1
632,3.07,0.25,18,2,5,1
633,3.06,0.25,18,2,6,1
634,3.05,0.25,18,2,7,1
635,3.04,0.26,18,2,8,1
636,3.04,0.26,18,0,0,1
637,3.05,0.27,18,0,0,1
638,3.08,0.27,18,0,1,1
639,3.1,0.28,18,0,2,1
640,3.13,0.28,18,0,3,1
641,3.15,0.28,18,0,4,1
642,3.18,0.29,18,0,5,1
643,3.24,0.29,18,0,6,1
644,3.27,0.29,18,0,7,1
645,3.32,0.28,18,0,8,1
646,3.35,0.27,18,0,9,1
647,3.4,0.26,18,0,10,1
648,3.43,0.26,18,0,0,1
649,3.48,0.27,18,0,1,1
650,3.5,0.27,18,0,2,1
651,3.54,0.27,18,0,4,1
652,3.57,0.28,18,0,5,1
653,3.57,0.28,18,2,0,1
654,3.58,0.28,18,2,1,1
655,3.58,0.28,18,2,2,1
656,3.58,0.28,18,2,3,1
657,3.58,0.29,18,2,4,1
658,3.56,0.29,18,2,5,1
659,3.54,0.29,18,2,6,1
660,3.52,0.29,18,2,7,1
661,3.5,0.29,18,2,8,1
662,3.46,0.29,18,2,9,1
663,3.44,0.28,18,2,10,1
664,3.42,0.28,18,2,11,1
665,3.39,0.28,18,2,12,1
666,3.37,0.27,18,2,13,1
667,3.31,0.27,18,2,14,1
668,3.29,0.27,18,2,15,1
669,3.27,0.28,18,2,16,1
670,3.24,0.28,18,2,17,1
671,3.19,0.27,18,2,18,1
672,3.17,0.28,18,2,19,1
673,3.14,0.28,18,2,20,1
674,3.13,0.28,18,2,21,1
675,3.11,0.28,18,2,22,1
676,3.08,0.28,18,2,23,1
677,3.06,0.28,18,2,24,1
678,3.05,0.28,18,2,25,1
679,3.03,0.28,18,2,26,1
680,3.02,0.27,18,2,27,1
681,3.01,0.26,18,2,28,1
682,3.0,0.25,18,2,29,1
683,3.0,0.25,18,2,30,1
684,3.0,0.25,18,2,31,1
685,3.0,0.23,18,2,32,1
686,2.99,0.23,18,2,33,1
687,2.99,0.24,18,2,34,1
688,3.0,0.24,18,2,35,1
689,3.01,0.23,18,2,36,1
690,3.02,0.22,18,2,37,1
691,3.02,0.21,18,2,38,1
692,3.05,0.21,18,2,39,1
693,3.06,0.2,18,2,40,1
694,3.07,0.19,18,2,41,1
695,3.08,0.19,18,2,42,1
696,3.12,0.19,18,2,43,1
697,3.14,0.18,18,2,44,1
698,3.16,0.18,18,2,45,1
699,3.18,0.18,18,2,46,1
700,3.22,0.17,18,2,47,1
701,3.26,0.16,18,2,48,1
702,3.28,0.16,18,2,50,1
703,3.32,0.16,18,2,52,1
704,3.42,0.16,18,2,55,1
705,3.54,0.16,18,2,58,1
706,3.64,0.16,18,2,62,1
707,3.8,0.16,18,2,65,1
708,3.92,0.15,18,2,68,1
709,4.14,0.15,18,2,71,1
710,4.34,0.15,18,2,75,1
711,4.15,0.15,18,2,76,1
712,4.16,0.14,18,2,77,1
713,4.14,0.14,18,2,80,1
714,4.09,0.14,18,2,83,1
715,3.97,0.13,18,2,87,1
716,3.81,0.12,18,2,90,1
717,3.77,0.12,18,2,93,1
718,3.65,0.12,18,2,96,1
719,3.55,0.11,18,2,99,1
720,3.51,0.11,18,2,102,1
721,3.54,0.11,18,2,106,1
722,3.59,0.11,18,2,109,1
723,3.65,0.11,18,2,112,1
724,3.7,0.11,18,2,115,1
725,3.76,0.11,18,2,118,1
726,3.82,0.11,18,2,122,1
727,3.92,0.11,18,2,125,1
728,4.05,0.11,18,2,128,1
729,4.26,0.11,18,2,131,1
730,4.6,0.1,18,2,134,1
731,5.49,0.1,18,2,138,1
732,7.05,0.1,18,2,141,1
733,4.81,0.1,18,2,144,1
734,6.98,0.09,18,2,147,1
735,10.0,0.09,18,2,151,1
736,10.0,0.09,18,2,154,1
737,10.0,0.09,18,2,157,1
738,10.0,0.09,18,2,160,1
739,10.0,0.09,18,2,163,1
740,10.0,0.09,18,2,166,1
741,0.0,0.08,18,2,170,1
742,0.0,0.08,18,2,173,1
743,0.0,0.08,18,2,176,1
744,0.0,0.08,18,2,179,1
745,0.0,0.07,18,2,182,1
746,0.0,0.06,18,2,186,1
747,0.0,0.06,18,2,189,1
748,0.0,0.06,18,2,192,1
749,0.0,0.06,18,2,195,1
750,0.0,0.06,18,2,198,1
751,0.0,0.06,18,2,202,1
752,0.0,0.06,18,2,205,1
753,0.0,0.06,18,2,208,1
754,0.0,0.06,18,2,211,1
755,0.0,0.06,18,2,214,1
756,0.0,0.05,18,2,218,1
757,0.0,0.05,18,2,221,1
758,0.0,0.05,18,2,224,1
759,0.0,0.05,18,2,227,1
760,0.0,0.04,18,2,230,1
761,0.0,0.04,18,2,234,1
762,0.0,0.04,18,2,237,1
763,0.0,0.04,18,2,240,1
764,0.0,0.04,22,3,1,1
765,0.0,0.04,22,3,4,0
766,0.0,0.04,22,3,8,0
767,0.0,0.04,22,3,11,0
768,0.0,0.04,22,3,14,0
769,0.0,0.04,22,3,17,0
770,0.0,0.04,22,3,20,0
771,0.0,0.04,22,3,24,0
772,0.0,0.04,22,3,27,0
773,0.0,0.04,22,3,30,0
774,0.0,0.04,22,3,33,0
775,0.0,0.04,22,3,36,0
776,0.0,0.04,22,3,40,0
777,0.0,0.04,22,3,43,0
778,0.0,0.03,22,3,46,0
779,0.0,0.03,22,3,49,0
780,0.0,0.03,22,3,52,0
781,0.0,0.03,22,3,56,0
782,0.0,0.03,22,3,59,0
783,0.0,0.03,22,3,62,0
784,0.0,0.03,22,3,65,0
785,0.0,0.03,22,3,68,0
786,0.0,0.03,22,3,72,0
787,0.0,0.03,22,3,75,0
788,0.0,0.03,22,3,78,0
789,0.0,0.03,22,3,81,0
790,0.0,0.03,22,3,84,0
791,0.0,0.03,22,3,88,0
792,0.0,0.03,22,3,91,0
793,0.0,0.03,22,3,95,0
794,0.0,0.03,22,3,97,0
795,0.0,0.03,22,3,102,0
796,0.0,0.03,22,3,104,0
797,0.0,0.03,22,3,107,0
798,0.0,0.02,22,3,110,0
799,0.0,0.02,22,3,113,0
800,0.0,0.02,22,3,118,0
801,0.0,0.01,22,3,120,0
802,0.0,0.01,22,3,123,0
803,0.0,0.01,22,3,126,0
804,0.0,0.01,22,3,129,0
805,0.0,0.01,22,3,132,0
806,0.0,0.01,28,2,1,0
807,0.0,0.01,28,2,4,0
808,0.0,0.01,28,2,7,0
809,0.0,0.01,28,2,10,0
810,0.0,0.01,28,2,13,0
811,0.0,0.0,28,2,17,0
812,0.0,0.0,28,2,20,0
813,0.0,0.0,28,2,23,0
814,0.0,0.0,28,2,26,0
815,0.0,0.0,28,2,29,0
816,0.0,0.0,28,2,33,0
817,0.0,0.0,28,2,36,0
818,0.0,0.0,28,2,39,0
819,0.0,0.0,28,2,42,0
820,0.0,0.0,28,2,45,0
821,0.0,0.0,28,2,49,0
822,0.0,0.0,35,2,2,0
823,0.0,0.0,35,2,5,0
824,0.0,0.0,35,2,8,0
825,0.0,0.0,35,2,11,0
826,0.0,0.0,35,0,1,0
827,0.0,0.0,35,0,4,0
828,0.0,0.0,35,0,1,0
829,0.0,0.0,35,0,4,0
830,0.0,0.0,35,0,7,0
831,0.0,0.0,35,0,11,0
832,0.0,0.0,35,0,14,0
833,0.0,0.0,35,0,17,0
834,0.0,0.0,35,0,20,0
835,0.0,0.0,35,0,23,0
836,0.0,0.0,35,0,27,0
837,0.0,0.0,35,0,30,0
838,0.0,0.0,35,0,33,0
839,0.0,0.0,35,0,36,0
840,0.0,0.0,35,0,39,0
841,0.0,0.0,35,0,43,0
842,0.0,0.0,35,0,46,0
843,0.0,0.0,42,2,1,0
844,0.0,0.0,42,2,4,0
845,0.0,0.0,42,2,7,0
846,0.0,0.0,42,0,2,0
847,0.0,0.0,42,0,5,0
848,0.0,0.0,42,0,8,0
849,0.0,0.0,42,0,11,0
850,0.0,0.0,42,0,14,0
851,0.0,0.0,42,0,18,0
852,0.0,0.0,42,0,21,0
853,0.0,0.0,42,0,24,0
854,0.0,0.0,42,0,27,0
855,0.0,0.0,42,0,30,0
856,0.0,0.0,42,0,34,0
857,0.0,0.0,42,0,37,0
858,0.0,0.0,42,0,40,0
859,0.0,0.0,42,0,43,0
860,0.0,0.0,42,0,46,0
861,0.0,0.0,42,0,49,0
862,0.0,0.0,48,2,1,0
863,0.0,0.0,48,2,4,0
864,0.0,0.0,48,2,7,0
865,0.0,0.0,48,2,10,0
866,0.0,0.0,48,2,14,0
867,0.0,0.0,48,0,2,0
868,0.0,0.0,48,0,5,0
869,0.0,0.0,48,0,8,0
870,0.0,0.0,48,0,11,0
871,0.0,0.0,48,0,15,0
872,0.0,0.0,48,0,18,0
873,0.0,0.0,48,0,21,0
874,0.0,0.0,48,0,24,0
875,0.0,0.0,48,0,27,0
876,0.0,0.0,48,0,31,0
877,0.0,0.0,48,0,34,0
878,0.0,0.0,48,0,37,0
879,0.0,0.0,48,0,40,0
880,0.0,0.0,48,0,43,0
881,0.0,0.0,48,0,47,0
882,0.0,0.0,48,0,50,0
883,0.0,0.0,48,0,53,0
884,0.0,0.0,48,0,56,0
885,0.0,0.0,48,0,59,0
886,0.0,0.0,48,0,63,0
887,0.0,0.0,48,0,66,0
888,0.0,0.0,48,0,69,0
889,0.0,0.0,48,0,72,0
890,0.0,0.0,48,2,1,0
891,0.0,0.0,48,0,1,0
892,0.0,0.0,48,0,4,0
893,0.0,0.0,48,0,7,0
894,0.0,0.0,48,0,10,0
895,0.0,0.0,48,0,13,0
896,0.0,0.0,48,0,17,0
897,0.0,0.0,48,0,1,0
898,0.0,0.0,48,0,2,0
899,0.0,0.0,48,0,5,0
900,0.0,0.0,48,0,8,0
901,0.0,0.0,48,0,12,0
902,0.0,0.0,48,0,15,0
903,0.0,0.0,48,0,18,0
904,0.0,0.0,48,0,21,0
905,0.0,0.0,48,0,24,0
906,0.0,0.0,48,0,28,0
907,0.0,0.0,48,0,31,0
908,0.0,0.0,48,0,34,0
909,0.0,0.0,48,0,37,0
910,0.0,0.0,48,0,40,0
911,0.0,0.0,48,0,44,0
912,0.0,0.0,48,0,47,0
913,0.0,0.0,48,0,50,0
914,0.0,0.0,48,0,53,0
915,0.0,0.0,48,0,57,0
916,0.0,0.01,48,0,58,0
917,0.0,0.01,48,0,59,0
918,0.0,0.02,48,0,60,0
919,0.0,0.02,48,0,61,0
920,0.0,0.02,48,0,62,0
921,0.0,0.03,48,0,64,0
922,0.0,0.03,48,0,65,0
923,0.0,0.04,48,0,66,0
924,0.0,0.05,48,0,67,0
925,0.0,0.07,48,0,68,0
926,0.0,0.07,48,0,69,0
927,0.15,0.07,48,0,70,0
928,0.15,0.07,48,0,72,0
929,0.28,0.07,48,0,73,0
930,0.24,0.08,48,0,75,0
931,0.41,0.09,48,0,76,0
932,0.23,0.1,48,0,77,0
933,0.23,0.1,48,0,80,0
934,0.23,0.1,48,0,83,0
935,0.23,0.1,48,0,86,0
936,0.23,0.1,48,2,0,0
937,0.23,0.1,48,0,1,0
938,0.23,0.1,48,0,4,0
939,0.23,0.1,48,0,7,0
940,0.23,0.1,48,0,10,0
941,0.23,0.1,48,0,13,0
942,0.23,0.1,48,0,17,0
943,0.23,0.1,48,0,20,0
944,0.23,0.1,48,0,23,0
945,0.23,0.1,48,0,26,0
946,0.23,0.1,48,0,29,0
947,0.23,0.1,48,0,33,0
948,0.23,0.1,48,0,36,0
949,0.23,0.1,48,0,39,0
950,0.23,0.1,48,0,42,0
951,0.23,0.1,48,0,45,0
952,0.23,0.1,48,0,49,0
953,0.23,0.1,48,0,52,0
954,0.23,0.1,48,0,55,0
955,0.23,0.1,48,0,58,0
956,0.23,0.1,48,0,61,0
957,0.23,0.11,48,0,62,0
958,0.23,0.12,48,0,63,0
959,10.0,0.13,48,0,65,0
960,10.0,0.14,48,0,67,0
961,10.0,0.15,48,0,68,0
962,10.0,0.17,48,0,69,0
963,10.0,0.17,48,0,70,0
964,10.0,0.18,48,0,71,0
965,10.0,0.19,48,0,72,0
966,10.0,0.19,48,0,73,0
967,10.0,0.19,48,0,74,0
968,10.0,0.19,48,0,75,0
969,10.0,0.2,48,0,76,0
970,10.0,0.21,48,0,77,0
971,10.0,0.21,48,0,78,0
972,10.0,0.22,48,0,79,0
973,10.0,0.23,48,0,80,0
974,10.0,0.24,48,0,81,0
975,10.0,0.24,48,0,82,0
976,10.0,0.25,48,0,83,0
977,10.0,0.25,48,0,84,0
978,10.0,0.25,48,0,85,0
979,10.0,0.25,48,0,86,0
980,10.0,0.25,48,0,87,0
981,10.0,0.25,48,0,88,0
982,10.0,0.25,48,0,89,0
983,10.0,0.27,48,0,90,0
984,10.0,0.27,48,0,91,0
985,10.0,0.27,48,0,92,0
986,10.0,0.28,48,0,93,0
987,10.0,0.28,48,0,94,0
988,10.0,0.3,48,0,95,0
989,10.0,0.3,48,0,96,0
990,10.0,0.3,48,0,97,0
991,10.0,0.31,48,0,98,0
992,10.0,0.31,48,0,99,0
993,10.0,0.32,48,0,100,0
994,10.0,0.32,48,0,101,0
995,10.0,0.33,48,2,0,0
996,10.0,0.34,48,2,1,0
997,10.0,0.34,48,2,2,0
998,0.75,0.34,48,2,3,0
999,0.73,0.34,48,2,4,0
1000,0.71,0.33,48,2,5,0
1001,0.7,0.34,48,2,6,0
1002,0.7,0.34,48,2,7,0
1003,0.7,0.35,48,2,8,0
1004,0.71,0.36,48,2,9,0
1005,0.71,0.35,48,2,0,0
1006,0.72,0.35,48,2,1,0
1007,0.72,0.35,48,2,2,0
1008,0.72,0.34,48,2,3,0
1009,0.72,0.33,48,2,4,0
1010,0.84,0.32,48,2,5,0
1011,0.83,0.33,48,2,6,0
1012,0.83,0.33,48,2,7,0
1013,0.83,0.34,48,2,8,0
1014,0.83,0.35,48,2,9,0
1015,0.82,0.35,48,2,10,0
1016,0.82,0.36,48,2,0,0
1017,0.83,0.35,48,2,1,0
1018,0.83,0.35,48,2,2,0
1019,0.83,0.36,48,2,3,0
1020,0.84,0.36,48,2,4,1
1021,0.85,0.37,48,2,5,1
1022,0.86,0.38,48,2,6,1
1023,0.86,0.39,48,2,7,1
1024,0.88,0.4,48,2,8,1
1025,0.89,0.4,48,2,9,1
1026,0.91,0.41,48,2,10,1
1027,0.94,0.42,48,2,11,1
1028,0.96,0.42,48,2,12,1
1029,0.98,0.42,48,2,13,1
1030,1.02,0.43,48,2,14,1
1031,1.05,0.43,48,2,15,1
1032,1.08,0.43,48,2,16,1
1033,1.14,0.43,48,2,17,1
1034,1.18,0.43,48,2,18,1
1035,1.26,0.44,48,2,19,1
1036,1.31,0.43,48,2,20,1
1037,1.37,0.43,48,2,21,1
1038,1.43,0.44,48,2,22,1
1039,1.49,0.43,48,2,23,1
1040,1.62,0.43,48,2,24,1
1041,1.69,0.42,48,2,25,1
1042,1.76,0.42,48,2,26,1
1043,1.83,0.41,48,2,27,1
1044,1.9,0.4,48,2,28,1
1045,1.97,0.4,48,2,29,1
1046,2.1,0.39,48,2,30,1
1047,2.17,0.39,48,2,31,1
1048,2.24,0.39,48,2,32,1
1049,2.31,0.39,48,2,33,1
1050,2.37,0.39,48,2,34,1
1051,2.44,0.39,48,2,35,1
1052,2.57,0.37,48,2,36,1
1053,2.63,0.38,48,2,37,1
1054,2.69,0.37,48,2,38,1
1055,2.74,0.36,48,2,39,1
1056,2.8,0.36,48,2,40,1
1057,2.85,0.36,48,2,41,1
1058,2.9,0.36,48,2,0,1
1059,3.0,0.36,48,2,1,1
1060,3.04,0.36,48,2,2,1
1061,2.9,0.37,48,2,3,1
1062,2.95,0.37,48,2,4,1
1063,2.99,0.37,48,2,5,1
1064,3.03,0.37,48,2,6,1
1065,3.07,0.36,48,2,7,1
1066,3.14,0.35,48,2,8,1
1067,3.17,0.36,48,2,9,1
1068,3.2,0.36,48,2,10,1
1069,3.22,0.36,48,2,11,1
1070,3.24,0.36,48,2,12,1
1071,3.27,0.35,48,2,13,1
1072,3.31,0.36,48,2,14,1
1073,3.32,0.35,48,2,15,1
1074,3.33,0.35,48,2,16,1
1075,3.35,0.34,48,2,17,1
1076,3.37,0.34,48,2,18,1
1077,3.37,0.35,48,2,19,1
1078,3.48,0.34,48,2,20,1
1079,3.48,0.34,48,2,21,1
1080,3.59,0.35,48,2,22,1
1081,3.58,0.35,48,0,0,1
1082,3.58,0.35,48,0,1,1
1083,3.58,0.34,48,0,2,1
1084,3.61,0.35,48,0,3,1
1085,3.62,0.34,48,0,4,1
1086,3.61,0.33,48,0,5,1
1087,3.6,0.33,48,0,6,1
1088,3.55,0.34,48,0,7,1
1089,3.52,0.34,48,0,8,1
1090,3.49,0.35,48,0,9,1
1091,3.45,0.35,48,0,10,1
1092,3.36,0.34,48,0,11,1
1093,3.31,0.33,48,0,12,1
1094,3.25,0.33,48,0,13,1
1095,3.19,0.32,48,0,14,1
1096,3.05,0.31,48,0,15,1
1097,3.02,0.31,48,0,16,1
1098,2.95,0.3,48,0,17,1
1099,2.77,0.29,48,0,19,1
1100,2.57,0.29,48,0,20,1
1101,2.49,0.29,48,0,21,1
1102,2.4,0.28,48,0,22,1
1103,2.37,0.27,48,0,23,1
1104,2.24,0.26,48,0,24,1
1105,2.12,0.27,48,0,25,1
1106,2.05,0.27,48,0,26,1
1107,1.97,0.27,48,0,27,1
1108,1.9,0.27,48,0,28,1
1109,1.75,0.26,48,0,29,1
1110,1.68,0.26,48,0,30,1
1111,1.61,0.26,48,0,31,1
1112,1.55,0.25,48,0,32,1
1113,1.44,0.25,48,0,33,1
1114,1.39,0.25,48,0,34,1
1115,1.38,0.25,48,0,35,1
1116,1.3,0.25,48,0,36,1
1117,1.26,0.25,48,0,37,1
1118,1.22,0.24,48,0,38,1
1119,1.2,0.24,48,0,39,1
1120,1.16,0.24,48,0,40,1
1121,1.14,0.23,48,0,41,1
1122,1.13,0.23,48,0,42,1
1123,1.13,0.23,48,0,43,1
1124,1.13,0.23,48,0,44,1
1125,1.14,0.24,48,0,45,1
1126,1.15,0.23,48,0,46,1
1127,1.17,0.23,48,0,47,1
1128,1.19,0.23,48,0,48,1
1129,1.21,0.22,48,0,49,1
1130,1.28,0.22,48,0,50,1
1131,1.32,0.22,48,0,51,1
1132,1.36,0.22,48,0,52,1
1133,1.41,0.22,48,0,53,1
1134,1.45,0.22,48,0,54,1
1135,1.5,0.21,48,0,55,1
1136,1.62,0.21,48,0,56,1
1137,1.68,0.2,48,0,57,1
1138,1.74,0.2,48,0,58,1
1139,1.8,0.2,48,0,59,1
1140,1.86,0.19,48,0,60,1
1141,2.0,0.2,48,0,61,1
1142,2.05,0.19,48,0,62,1
1143,2.1,0.19,48,0,63,1
1144,2.18,0.19,48,0,64,1
1145,2.3,0.19,48,0,65,1
1146,2.35,0.19,48,0,66,1
1147,2.4,0.19,48,0,67,1
1148,2.45,0.19,48,0,68,1
1149,2.49,0.18,48,0,69,1
1150,2.61,0.17,48,0,70,1
1151,2.64,0.17,48,0,71,1
1152,2.67,0.17,48,0,72,1
1153,2.73,0.17,48,0,73,1
1154,2.75,0.17,48,0,74,1
1155,2.77,0.17,48,0,75,1
1156,2.79,0.16,48,0,76,1
1157,2.8,0.16,48,0,77,1
1158,2.8,0.17,48,0,78,1
1159,2.8,0.17,48,0,79,1
1160,2.77,0.16,48,0,80,1
1161,2.74,0.17,48,0,81,1
1162,2.72,0.16,48,0,82,1
1163,2.69,0.16,48,0,83,1
1164,2.62,0.16,48,0,84,1
1165,2.58,0.16,48,0,85,1
1166,2.54,0.16,48,0,86,1
1167,2.48,0.15,48,0,87,1
1168,2.44,0.15,48,0,88,1
1169,2.34,0.14,48,0,89,1
1170,2.28,0.14,48,0,90,1
1171,2.24,0.14,48,0,91,1
1172,2.12,0.14,48,0,92,1
1173,2.05,0.14,48,0,93,1
1174,1.99,0.14,48,0,94,1
1175,1.93,0.15,48,0,95,1
1176,1.86,0.15,48,0,96,1
1177,1.73,0.14,48,0,97,1
1178,1.67,0.14,48,0,98,1
1179,1.61,0.14,48,0,99,1
1180,1.55,0.14,48,0,100,1
1181,1.47,0.12,48,0,101,1
1182,1.42,0.12,48,0,102,1
1183,1.36,0.12,48,0,103,1
1184,1.26,0.13,48,0,104,1
1185,1.21,0.12,48,0,105,1
1186,1.16,0.12,48,0,106,1
1187,1.12,0.12,48,0,107,1
1188,1.04,0.11,48,0,108,1
1189,1.03,0.11,48,0,109,1
1190,0.99,0.11,48,0,110,1
1191,0.96,0.11,48,0,111,1
1192,0.91,0.11,48,0,112,1
1193,0.89,0.11,48,0,113,1
1194,0.87,0.11,48,0,114,1
1195,0.85,0.11,48,0,115,1
1196,0.83,0.12,48,0,116,1
1197,0.82,0.12,48,0,117,1
1198,0.82,0.13,48,0,118,1
1199,0.82,0.13,48,0,119,1
1200,0.83,0.13,48,0,120,1
1201,0.83,0.14,48,0,121,1
1202,0.85,0.13,48,0,122,1
1203,0.88,0.14,48,0,123,1
1204,0.9,0.14,48,0,124,1
1205,0.93,0.14,48,0,125,1
1206,0.96,0.13,48,0,126,1
1207,0.99,0.13,48,0,127,1
1208,1.06,0.14,48,0,128,1
1209,1.11,0.14,48,0,129,1
1210,1.15,0.14,48,0,130,1
1211,1.25,0.14,48,0,131,1
1212,1.31,0.14,48,0,132,1
1213,1.36,0.15,48,0,133,1
1214,1.47,0.15,48,0,134,1
1215,1.52,0.15,48,0,135,1
1216,1.6,0.15,48,0,137,1
1217,1.76,0.15,48,0,138,1
1218,1.87,0.15,48,0,140,1
1219,2.08,0.14,48,0,142,1
1220,2.18,0.15,48,0,143,1
1221,2.3,0.15,48,0,144,1
1222,2.37,0.15,48,0,145,1
1223,2.51,0.16,48,0,146,1
1224,2.57,0.16,48,0,147,1
1225,2.64,0.15,48,0,148,1
1226,2.71,0.15,48,0,149,1
1227,2.84,0.15,48,0,150,1
1228,2.85,0.15,48,0,151,1
1229,2.92,0.15,48,0,152,1
1230,2.97,0.15,48,0,153,1
1231,3.07,0.14,48,0,154,1
1232,3.12,0.14,48,0,155,1
1233,3.2,0.14,48,0,156,1
1234,3.24,0.14,48,0,157,1
1235,3.27,0.14,48,0,158,1
1236,3.3,0.13,48,0,159,1
1237,3.33,0.14,48,0,160,1
1238,3.37,0.13,48,0,161,1
1239,3.39,0.14,48,0,162,1
1240,3.4,0.14,50,2,0,1
1241,3.39,0.14,50,2,1,1
1242,3.4,0.14,50,2,2,1
1243,3.39,0.15,50,2,3,1
1244,3.38,0.16,50,2,4,1
1245,3.37,0.16,50,2,5,1
1246,3.35,0.16,50,0,0,1
1247,3.32,0.16,50,0,1,1
1248,3.3,0.16,50,0,2,1
1249,3.24,0.17,50,0,3,1
1250,3.21,0.17,50,0,4,1
1251,3.17,0.17,50,0,5,1
1252,3.13,0.18,50,0,6,1
1253,3.06,0.17,50,0,7,1
1254,3.02,0.17,50,0,8,1
1255,2.98,0.17,50,0,0,1
1256,2.94,0.17,50,0,1,1
1257,2.9,0.17,50,0,2,1
1258,2.83,0.17,50,0,3,1
1259,2.81,0.17,50,0,4,1
1260,2.74,0.17,50,0,5,1
1261,2.7,0.17,50,0,6,1
1262,2.67,0.18,50,0,7,1
1263,2.65,0.17,50,0,8,1
1264,2.6,0.17,50,0,9,1
1265,2.59,0.17,50,0,10,1
1266,2.57,0.17,50,0,11,1
1267,2.56,0.18,50,0,12,1
1268,2.56,0.18,50,0,13,1
1269,2.56,0.19,50,0,14,1
1270,2.56,0.19,50,0,15,1
1271,2.57,0.19,50,0,16,1
1272,2.61,0.19,50,0,17,1
1273,2.63,0.19,50,0,0,1
1274,2.65,0.18,50,0,1,1
1275,2.67,0.18,50,0,2,1
1276,2.71,0.18,50,0,4,1
1277,2.79,0.19,50,0,5,1
1278,2.85,0.18,50,0,6,1
1279,2.89,0.18,50,0,7,1
1280,2.95,0.17,50,0,0,1
1281,2.98,0.17,50,0,1,1
1282,3.02,0.17,50,0,2,1
1283,3.1,0.18,50,0,3,1
1284,3.15,0.19,50,0,4,1
1285,3.2,0.18,50,0,5,1
1286,3.29,0.19,50,0,6,1
1287,3.34,0.19,50,0,7,1
1288,3.39,0.19,50,0,8,1
1289,3.48,0.18,50,0,9,1
1290,3.54,0.18,50,0,10,1
1291,3.59,0.18,50,0,11,1
1292,3.64,0.18,50,0,12,1
1293,3.76,0.18,50,0,13,1
1294,3.81,0.19,50,0,14,1
1295,3.86,0.19,50,0,15,1
1296,3.92,0.19,50,0,16,1
1297,4.06,0.2,50,0,17,1
1298,4.13,0.2,50,0,18,1
1299,4.2,0.2,50,0,19,1
1300,4.27,0.19,50,0,20,1
1301,4.34,0.19,50,0,21,1
1302,4.48,0.18,50,0,22,1
1303,4.55,0.18,50,0,23,1
1304,4.63,0.18,50,0,24,1
1305,4.7,0.18,50,0,25,1
1306,4.77,0.18,50,0,26,1
1307,4.96,0.18,50,0,28,1
1308,5.08,0.18,50,0,29,1
1309,5.15,0.18,50,0,30,1
1310,5.31,0.18,50,0,32,1
1311,5.47,0.18,50,0,33,1
1312,5.54,0.17,50,0,34,1
1313,5.61,0.18,50,0,35,1
1314,5.68,0.19,50,0,36,1
1315,5.75,0.18,50,0,37,1
1316,5.87,0.18,50,0,38,1
1317,5.92,0.17,50,0,39,1
1318,5.97,0.17,50,0,40,1
1319,6.03,0.16,50,0,41,1
1320,6.07,0.16,50,0,42,1
1321,6.15,0.16,50,0,43,1
1322,6.15,0.15,50,0,44,1
1323,6.14,0.15,50,0,45,1
1324,6.23,0.15,50,0,46,1
1325,6.24,0.15,50,0,47,1
1326,6.26,0.14,50,0,48,1
1327,6.26,0.14,50,0,49,1
1328,6.25,0.15,50,0,50,1
1329,6.24,0.15,50,0,51,1
1330,6.22,0.14,50,0,52,1
1331,6.21,0.14,50,0,53,1
1332,6.15,0.14,50,0,54,1
1333,6.12,0.14,50,0,55,1
1334,6.08,0.14,50,0,56,1
1335,6.03,0.15,50,0,57,1
1336,5.99,0.15,50,0,58,1
1337,5.89,0.16,50,0,59,1
1338,5.83,0.16,50,0,60,1
1339,5.78,0.16,50,0,61,1
1340,5.73,0.15,50,0,62,1
1341,5.67,0.15,50,0,63,1
1342,5.56,0.16,50,0,64,1
1343,5.51,0.16,50,0,65,1
1344,5.45,0.16,50,0,66,1
1345,5.39,0.17,50,0,67,1
1346,5.28,0.16,50,0,68,1
1347,5.23,0.15,50,0,69,1
1348,5.18,0.15,50,0,70,1
1349,5.07,0.15,50,0,71,1
1350,5.02,0.16,50,0,72,1
1351,4.96,0.16,50,0,73,1
1352,4.91,0.16,50,0,74,1
1353,4.86,0.17,50,0,75,1
1354,4.77,0.16,50,0,76,1
1355,4.73,0.15,50,0,77,1
1356,4.69,0.15,50,0,78,1
1357,4.65,0.16,50,0,79,1
1358,4.58,0.16,50,0,80,1
1359,4.55,0.17,50,0,81,1
1360,4.51,0.18,50,0,82,1
1361,4.43,0.18,50,0,83,1
1362,4.39,0.18,50,0,84,1
1363,4.35,0.17,50,0,85,1
1364,4.34,0.18,50,0,86,1
1365,4.27,0.17,50,0,87,1
1366,4.24,0.17,50,0,88,1
1367,4.21,0.17,50,0,89,1
1368,4.18,0.17,50,0,90,1
1369,4.11,0.17,50,0,91,1
1370,4.08,0.18,50,0,92,1
1371,4.03,0.18,50,0,93,1
1372,4.0,0.18,50,0,94,1
1373,3.97,0.18,50,0,95,1
1374,3.94,0.18,50,0,96,1
1375,3.89,0.18,50,0,97,1
1376,3.86,0.18,50,0,98,1
1377,3.83,0.18,50,0,99,1
1378,3.8,0.19,50,0,100,1
1379,3.77,0.19,50,0,101,1
1380,3.71,0.19,50,0,102,1
1381,3.68,0.2,50,0,103,1
1382,3.66,0.2,50,0,104,1
1383,3.63,0.21,50,0,105,1
1384,3.58,0.21,50,0,106,1
1385,3.56,0.21,50,0,107,1
1386,3.54,0.21,50,0,108,1
1387,3.51,0.22,50,0,109,1
1388,3.49,0.22,50,0,110,1
1389,3.47,0.23,50,0,111,1
1390,3.45,0.23,50,0,112,1
1391,3.4,0.24,50,0,113,1
1392,3.38,0.24,50,0,114,1
1393,3.34,0.24,50,0,115,1
1394,3.33,0.24,50,0,116,1
1395,3.32,0.23,50,0,117,1
1396,3.26,0.22,50,0,118,1
1397,3.24,0.22,50,0,119,1
1398,3.22,0.22,50,0,120,1
1399,3.18,0.22,56,2,0,1
1400,3.16,0.22,56,2,1,1
1401,3.11,0.23,56,2,2,1
1402,3.08,0.23,56,2,3,1
1403,3.05,0.23,56,2,4,1
1404,3.03,0.24,56,2,5,1
1405,2.98,0.23,56,2,6,1
1406,2.95,0.23,56,2,7,1
1407,2.91,0.23,56,2,8,1
1408,2.88,0.23,56,2,9,1
1409,2.82,0.22,56,2,10,1
1410,2.79,0.22,56,2,11,0
1411,2.75,0.22,56,2,12,0
1412,2.72,0.22,56,2,13,0
1413,2.66,0.22,56,2,14,0
1414,2.62,0.22,56,2,15,0
1415,2.59,0.22,56,2,16,0
1416,2.55,0.21,56,2,17,0
1417,2.48,0.21,56,2,18,0
1418,2.44,0.21,56,2,19,0
1419,2.4,0.21,56,2,20,0
1420,2.37,0.22,56,2,21,0
1421,2.33,0.22,56,2,22,0
1422,2.26,0.22,56,2,23,0
1423,2.23,0.22,56,2,24,0
1424,2.2,0.22,56,2,25,0
1425,2.16,0.22,56,2,26,0
1426,2.15,0.21,56,2,27,0
1427,2.1,0.22,56,2,28,0
1428,2.04,0.22,56,2,0,0
1429,2.01,0.22,56,2,1,0
1430,1.99,0.22,56,2,2,0
1431,1.96,0.23,56,2,3,0
1432,1.94,0.22,56,2,4,0
1433,1.9,0.24,56,2,5,0
1434,1.89,0.23,56,2,6,0
1435,1.86,0.23,56,2,8,0
1436,1.85,0.23,56,2,0,0
1437,1.84,0.23,56,2,1,0
1438,1.82,0.23,56,2,2,0
1439,1.84,0.23,56,2,3,0
1440,1.82,0.23,56,2,5,0
1441,1.86,0.24,56,2,6,0
1442,1.88,0.23,56,2,7,0
1443,1.89,0.22,56,2,8,0
1444,1.91,0.22,56,2,9,0
1445,1.94,0.23,56,2,10,0
1446,1.96,0.22,56,2,11,0
1447,1.99,0.23,56,2,12,0
1448,2.0,0.24,56,2,13,0
1449,2.03,0.24,56,2,14,0
1450,2.07,0.25,56,2,15,0
1451,2.08,0.26,56,2,16,0
1452,2.11,0.27,56,2,17,0
1453,2.13,0.28,56,2,18,0
1454,2.15,0.28,56,2,19,0
1455,2.17,0.27,56,2,20,0
1456,2.17,0.27,56,2,21,0
1457,2.18,0.27,56,2,22,0
1458,2.16,0.27,56,2,23,0
1459,2.15,0.26,56,2,24,0
1460,2.14,0.26,56,2,25,0
1461,2.17,0.26,56,2,27,0
1462,2.05,0.27,56,2,28,0
1463,1.98,0.27,56,2,29,0
1464,1.94,0.26,56,2,30,0
1465,1.9,0.26,56,2,31,0
1466,1.86,0.26,56,2,32,0
1467,1.84,0.28,56,2,33,0
1468,1.74,0.28,56,2,34,0
1469,1.63,0.28,56,2,35,0
1470,1.59,0.28,56,2,36,0
1471,1.55,0.28,56,2,37,0
1472,1.46,0.28,56,2,38,0
1473,1.43,0.29,56,2,39,0
1474,1.39,0.29,56,2,40,0
1475,1.36,0.3,56,2,41,0
1476,1.32,0.3,56,2,42,0
1477,1.27,0.3,56,2,43,0
1478,1.24,0.3,56,2,44,0
1479,1.22,0.31,56,2,45,0
1480,1.21,0.31,56,2,46,0
1481,1.18,0.31,56,2,47,0
1482,1.15,0.31,56,2,48,0
1483,1.14,0.3,56,2,49,0
1484,1.14,0.3,56,2,50,0
1485,1.12,0.3,56,2,52,0
1486,1.11,0.3,56,2,53,0
1487,1.1,0.3,56,2,54,0
1488,1.1,0.3,56,2,55,0
1489,1.1,0.31,56,2,56,0
1490,1.1,0.32,56,2,57,0
1491,1.1,0.33,56,2,58,0
1492,1.1,0.33,56,2,59,0
